Cites,Authors,Title,Year,Source,Publisher,ArticleURL,CitesURL,GSRank,QueryDate,Type,DOI,ISSN,CitationURL,Volume,Issue,StartPage,EndPage,ECC,CitesPerYear,CitesPerAuthor,AuthorCount,Age,Abstract,FullTextURL,RelatedURL
9210,"SD Stranks, GE Eperon, G Grancini, C Menelaou, MJP Alcocer, T Leijtens, ...","Electron-hole diffusion lengths exceeding 1 micrometer in an organometal trihalide perovskite absorber",2013,"Science","","","https://scholar.google.com/scholar?oi=bibs&hl=en&cites=6193777854753026397",1,"2023-03-01 18:30:45","Journal article","","","https://scholar.google.com/citations?view_op=view_citation&hl=en&user=mYmW89wAAAAJ&pagesize=100&citation_for_view=mYmW89wAAAAJ:9yKSN-GCB0IC",342,6156,341,344,9210,921.00,1316,7,10,"","",""
3664,"GE Eperon, SD Stranks, C Menelaou, MB Johnston, LM Herz, HJ Snaith","Formamidinium lead trihalide: a broadly tunable perovskite for efficient planar heterojunction solar cells",2014,"Energy &Environmental Science","","","https://scholar.google.com/scholar?oi=bibs&hl=en&cites=9505979179623029118",2,"2023-03-01 18:30:45","Journal article","","","https://scholar.google.com/citations?view_op=view_citation&hl=en&user=mYmW89wAAAAJ&pagesize=100&citation_for_view=mYmW89wAAAAJ:Tyk-4Ss8FVUC",7,3,982,988,3664,407.11,611,6,9,"","",""
2930,"C Wehrenfennig, GE Eperon, MB Johnston, HJ Snaith, LM Herz","High charge carrier mobilities and lifetimes in organolead trihalide perovskites",2014,"Advanced materials","","","https://scholar.google.com/scholar?oi=bibs&hl=en&cites=3145085191780951069",3,"2023-03-01 18:30:45","Journal article","","","https://scholar.google.com/citations?view_op=view_citation&hl=en&user=mYmW89wAAAAJ&pagesize=100&citation_for_view=mYmW89wAAAAJ:IjCSPb-OGe4C",26,10,1584,1589,2930,325.56,586,5,9,"","",""
2645,"DP McMeekin, G Sadoughi, W Rehman, GE Eperon, M Saliba, ...","A mixed-cation lead mixed-halide perovskite absorber for tandem solar cells",2016,"Science","","","https://scholar.google.com/scholar?oi=bibs&hl=en&cites=9791509942148468287,13555820613056862357",4,"2023-03-01 18:30:45","Journal article","","","https://scholar.google.com/citations?view_op=view_citation&hl=en&user=mYmW89wAAAAJ&pagesize=100&citation_for_view=mYmW89wAAAAJ:1tZ8xJnm2c8C",351,6269,151,155,2645,377.86,441,6,7,"","",""
2491,"HJ Snaith, A Abate, JM Ball, GE Eperon, T Leijtens, NK Noel, SD Stranks, ...","Anomalous hysteresis in perovskite solar cells",2014,"The journal of physical chemistry letters","","","https://scholar.google.com/scholar?oi=bibs&hl=en&cites=7237462332769849860",5,"2023-03-01 18:30:45","Journal article","","","https://scholar.google.com/citations?view_op=view_citation&hl=en&user=mYmW89wAAAAJ&pagesize=100&citation_for_view=mYmW89wAAAAJ:YsMSGLbcyi4C",5,9,1511,1515,2491,276.78,311,8,9,"","",""
2213,"NK Noel, SD Stranks, A Abate, C Wehrenfennig, S Guarnera, ...","Lead-free organic–inorganic tin halide perovskites for photovoltaic applications",2014,"Energy &Environmental Science","","","https://scholar.google.com/scholar?oi=bibs&hl=en&cites=11533046037281601424,15589901835209956911",6,"2023-03-01 18:30:45","Journal article","","","https://scholar.google.com/citations?view_op=view_citation&hl=en&user=mYmW89wAAAAJ&pagesize=100&citation_for_view=mYmW89wAAAAJ:eQOLeE2rZwMC",7,9,3061,3068,2213,245.89,369,6,9,"","",""
2141,"GE Eperon, VM Burlakov, P Docampo, A Goriely, HJ Snaith","Morphological control for high performance, solution‐processed planar heterojunction perovskite solar cells",2014,"Advanced functional materials","","","https://scholar.google.com/scholar?oi=bibs&hl=en&cites=4863607408990894120",7,"2023-03-01 18:30:45","Journal article","","","https://scholar.google.com/citations?view_op=view_citation&hl=en&user=mYmW89wAAAAJ&pagesize=100&citation_for_view=mYmW89wAAAAJ:d1gkVwhDpl0C",24,1,151,157,2141,237.89,428,5,9,"","",""
1870,"DW DeQuilettes, SM Vorpahl, SD Stranks, H Nagaoka, GE Eperon, ...","Impact of microstructure on local carrier lifetime in perovskite solar cells",2015,"Science","","","https://scholar.google.com/scholar?oi=bibs&hl=en&cites=4205805462200233626,17004773913657514494",8,"2023-03-01 18:30:45","Journal article","","","https://scholar.google.com/citations?view_op=view_citation&hl=en&user=mYmW89wAAAAJ&pagesize=100&citation_for_view=mYmW89wAAAAJ:8Xgff_V0N9gC",348,6235,683,686,1870,233.75,312,6,8,"","",""
1787,"T Leijtens, GE Eperon, S Pathak, A Abate, MM Lee, HJ Snaith","Overcoming ultraviolet light instability of sensitized TiO2 with meso-superstructured organometal tri-halide perovskite solar cells",2013,"Nature communications","","","https://scholar.google.com/scholar?oi=bibs&hl=en&cites=8866526744064558997",9,"2023-03-01 18:30:45","Journal article","","","https://scholar.google.com/citations?view_op=view_citation&hl=en&user=mYmW89wAAAAJ&pagesize=100&citation_for_view=mYmW89wAAAAJ:qjMakFHDy7sC",4,1,2885,2885,1787,178.70,298,6,10,"","",""
1757,"P Docampo, JM Ball, M Darwich, GE Eperon, HJ Snaith","Efficient organometal trihalide perovskite planar-heterojunction solar cells on flexible polymer substrates",2013,"Nature communications","","","https://scholar.google.com/scholar?oi=bibs&hl=en&cites=10227221286230212527",10,"2023-03-01 18:30:45","Journal article","","","https://scholar.google.com/citations?view_op=view_citation&hl=en&user=mYmW89wAAAAJ&pagesize=100&citation_for_view=mYmW89wAAAAJ:2osOgNQ5qMEC",4,1,2761,2761,1757,175.70,351,5,10,"","",""
1403,"GE Eperon, GM Paternò, RJ Sutton, A Zampetti, AA Haghighirad, ...","Inorganic caesium lead iodide perovskite solar cells",2015,"Journal of Materials Chemistry A","","","https://scholar.google.com/scholar?oi=bibs&hl=en&cites=17388794496676921796",11,"2023-03-01 18:30:45","Journal article","","","https://scholar.google.com/citations?view_op=view_citation&hl=en&user=mYmW89wAAAAJ&pagesize=100&citation_for_view=mYmW89wAAAAJ:qwy9JoKyICEC",3,39,19688,19695,1403,175.38,234,6,8,"","",""
1250,"RJ Sutton, GE Eperon, L Miranda, ES Parrott, BA Kamino, JB Patel, ...","Bandgap‐tunable cesium lead halide perovskites with high thermal stability for efficient solar cells",2016,"Advanced Energy Materials","","","https://scholar.google.com/scholar?oi=bibs&hl=en&cites=8368927420312221223",12,"2023-03-01 18:30:45","Journal article","","","https://scholar.google.com/citations?view_op=view_citation&hl=en&user=mYmW89wAAAAJ&pagesize=100&citation_for_view=mYmW89wAAAAJ:eAlLMO4JVmQC",6,8,1502458,1502458,1250,178.57,179,7,7,"","",""
1200,"SN Habisreutinger, T Leijtens, GE Eperon, SD Stranks, RJ Nicholas, ...","Carbon nanotube/polymer composites as a highly stable hole collection layer in perovskite solar cells",2014,"Nano letters","","","https://scholar.google.com/scholar?oi=bibs&hl=en&cites=9105126365548420776",13,"2023-03-01 18:30:45","Journal article","","","https://scholar.google.com/citations?view_op=view_citation&hl=en&user=mYmW89wAAAAJ&pagesize=100&citation_for_view=mYmW89wAAAAJ:_FxGoFyzp5QC",14,10,5561,5568,1200,133.33,200,6,9,"","",""
1172,"GE Eperon, T Leijtens, KA Bush, R Prasanna, T Green, JTW Wang, ...","Perovskite-perovskite tandem photovoltaics with optimized band gaps",2016,"Science","","","https://scholar.google.com/scholar?oi=bibs&hl=en&cites=7463155700400188119",14,"2023-03-01 18:30:45","Journal article","","","https://scholar.google.com/citations?view_op=view_citation&hl=en&user=mYmW89wAAAAJ&pagesize=100&citation_for_view=mYmW89wAAAAJ:NxmKEeNBbOMC",354,6314,861,865,1172,167.43,167,7,7,"","",""
1144,"T Leijtens, GE Eperon, NK Noel, SN Habisreutinger, A Petrozza, ...","Stability of metal halide perovskite solar cells",2015,"Advanced Energy Materials","","","https://scholar.google.com/scholar?oi=bibs&hl=en&cites=10084146518144100912",15,"2023-03-01 18:30:45","Journal article","","","https://scholar.google.com/citations?view_op=view_citation&hl=en&user=mYmW89wAAAAJ&pagesize=100&citation_for_view=mYmW89wAAAAJ:s9ia6_kGH2AC",5,20,,,1144,143.00,191,6,8,"","",""
993,"W Zhang, M Saliba, DT Moore, SK Pathak, MT Hörantner, T Stergiopoulos, ...","Ultrasmooth organic–inorganic perovskite thin-film formation and crystallization for efficient planar heterojunction solar cells",2015,"Nature communications","","","https://scholar.google.com/scholar?oi=bibs&hl=en&cites=14997412053203288104",16,"2023-03-01 18:30:45","Journal article","","","https://scholar.google.com/citations?view_op=view_citation&hl=en&user=mYmW89wAAAAJ&pagesize=100&citation_for_view=mYmW89wAAAAJ:8k81kl-MbHgC",6,1,6142,6142,993,124.13,142,7,8,"","",""
903,"AD Wright, C Verdi, RL Milot, GE Eperon, MA Pérez-Osorio, HJ Snaith, ...","Electron–phonon coupling in hybrid lead halide perovskites",2016,"Nature communications","","","https://scholar.google.com/scholar?oi=bibs&hl=en&cites=15030105500318329476",17,"2023-03-01 18:30:45","Journal article","","","https://scholar.google.com/citations?view_op=view_citation&hl=en&user=mYmW89wAAAAJ&pagesize=100&citation_for_view=mYmW89wAAAAJ:tHtfpZlB6tUC",7,1,11755,11755,903,129.00,129,7,7,"","",""
865,"RL Milot, GE Eperon, HJ Snaith, MB Johnston, LM Herz","Temperature‐Dependent Charge‐Carrier Dynamics in CH3NH3PbI3 Perovskite Thin Films",2015,"Advanced Functional Materials","","","https://scholar.google.com/scholar?oi=bibs&hl=en&cites=13786335683296632169",18,"2023-03-01 18:30:45","Journal article","","","https://scholar.google.com/citations?view_op=view_citation&hl=en&user=mYmW89wAAAAJ&pagesize=100&citation_for_view=mYmW89wAAAAJ:v6i8RKmR8ToC",25,39,6218,6227,865,108.13,173,5,8,"","",""
798,"MR Filip, GE Eperon, HJ Snaith, F Giustino","Steric engineering of metal-halide perovskites with tunable optical band gaps",2014,"Nature communications","","","https://scholar.google.com/scholar?oi=bibs&hl=en&cites=16382434535296051395",19,"2023-03-01 18:30:45","Journal article","","","https://scholar.google.com/citations?view_op=view_citation&hl=en&user=mYmW89wAAAAJ&pagesize=100&citation_for_view=mYmW89wAAAAJ:LkGwnXOMwfcC",5,1,5757,5757,798,88.67,200,4,9,"","",""
705,"W Zhang, GE Eperon, HJ Snaith","Metal halide perovskites for energy applications",2016,"Nature Energy","","","https://scholar.google.com/scholar?oi=bibs&hl=en&cites=6495033230400463564",20,"2023-03-01 18:30:45","Journal article","","","https://scholar.google.com/citations?view_op=view_citation&hl=en&user=mYmW89wAAAAJ&pagesize=100&citation_for_view=mYmW89wAAAAJ:L_l9e5I586QC",1,6,1,8,705,100.71,235,3,7,"","",""
623,"K Galkowski, A Mitioglu, A Miyata, P Plochocka, O Portugall, GE Eperon, ...","Determination of the exciton binding energy and effective masses for methylammonium and formamidinium lead tri-halide perovskite semiconductors",2016,"Energy &Environmental Science","","","https://scholar.google.com/scholar?oi=bibs&hl=en&cites=8325707789864998739",21,"2023-03-01 18:30:45","Journal article","","","https://scholar.google.com/citations?view_op=view_citation&hl=en&user=mYmW89wAAAAJ&pagesize=100&citation_for_view=mYmW89wAAAAJ:ghEM2AJqZyQC",9,3,962,970,623,89.00,89,7,7,"","",""
468,"GE Eperon, SN Habisreutinger, T Leijtens, BJ Bruijnaers, JJ van Franeker, ...","The importance of moisture in hybrid lead halide perovskite thin film fabrication",2015,"ACS nano","","","https://scholar.google.com/scholar?oi=bibs&hl=en&cites=15205827822871572821,8809894482152214484",22,"2023-03-01 18:30:45","Journal article","","","https://scholar.google.com/citations?view_op=view_citation&hl=en&user=mYmW89wAAAAJ&pagesize=100&citation_for_view=mYmW89wAAAAJ:g5Ck-dwhA_QC",9,9,9380,9393,468,58.50,78,6,8,"","",""
457,"GE Eperon, VM Burlakov, A Goriely, HJ Snaith","Neutral color semitransparent microstructured perovskite solar cells",2014,"ACS nano","","","https://scholar.google.com/scholar?oi=bibs&hl=en&cites=4554134416138396083",23,"2023-03-01 18:30:45","Journal article","","","https://scholar.google.com/citations?view_op=view_citation&hl=en&user=mYmW89wAAAAJ&pagesize=100&citation_for_view=mYmW89wAAAAJ:UeHWp8X0CEIC",8,1,591,598,457,50.78,114,4,9,"","",""
429,"T Leijtens, SD Stranks, GE Eperon, R Lindblad, EMJ Johansson, ...","Electronic properties of meso-superstructured and planar organometal halide perovskite films: charge trapping, photodoping, and carrier mobility",2014,"ACS nano","","","https://scholar.google.com/scholar?oi=bibs&hl=en&cites=3467705927774388025",24,"2023-03-01 18:30:45","Journal article","","","https://scholar.google.com/citations?view_op=view_citation&hl=en&user=mYmW89wAAAAJ&pagesize=100&citation_for_view=mYmW89wAAAAJ:ufrVoPGSRksC",8,7,7147,7155,429,47.67,72,6,9,"","",""
422,"T Leijtens, GE Eperon, AJ Barker, G Grancini, W Zhang, JM Ball, ...","Carrier trapping and recombination: the role of defect physics in enhancing the open circuit voltage of metal halide perovskite solar cells",2016,"Energy &Environmental Science","","","https://scholar.google.com/scholar?oi=bibs&hl=en&cites=13142391510218732987",25,"2023-03-01 18:30:45","Journal article","","","https://scholar.google.com/citations?view_op=view_citation&hl=en&user=mYmW89wAAAAJ&pagesize=100&citation_for_view=mYmW89wAAAAJ:A8cqit5AE6sC",9,11,3472,3481,422,60.29,60,7,7,"","",""
413,"RL Milot, RJ Sutton, GE Eperon, AA Haghighirad, J Martinez Hardigree, ...","Charge-carrier dynamics in 2D hybrid metal–halide perovskites",2016,"Nano letters","","","https://scholar.google.com/scholar?oi=bibs&hl=en&cites=13559850851595126422",26,"2023-03-01 18:30:45","Journal article","","","https://scholar.google.com/citations?view_op=view_citation&hl=en&user=mYmW89wAAAAJ&pagesize=100&citation_for_view=mYmW89wAAAAJ:__bU50VfleQC",16,11,7001,7007,413,59.00,69,6,7,"","",""
401,"S Pathak, N Sakai, F Wisnivesky Rocca Rivarola, SD Stranks, J Liu, ...","Perovskite crystals for tunable white light emission",2015,"Chemistry of Materials","","","https://scholar.google.com/scholar?oi=bibs&hl=en&cites=6040452683965122309",27,"2023-03-01 18:30:45","Journal article","","","https://scholar.google.com/citations?view_op=view_citation&hl=en&user=mYmW89wAAAAJ&pagesize=100&citation_for_view=mYmW89wAAAAJ:kJDgFkosVoMC",27,23,8066,8075,401,50.13,67,6,8,"","",""
401,"Y Zhang, M Liu, GE Eperon, TC Leijtens, D McMeekin, M Saliba, W Zhang, ...","Charge selective contacts, mobile ions and anomalous hysteresis in organic–inorganic perovskite solar cells",2015,"Materials Horizons","","","https://scholar.google.com/scholar?oi=bibs&hl=en&cites=13191324050435710944",28,"2023-03-01 18:30:45","Journal article","","","https://scholar.google.com/citations?view_op=view_citation&hl=en&user=mYmW89wAAAAJ&pagesize=100&citation_for_view=mYmW89wAAAAJ:MXK_kJrjxJIC",2,3,315,322,401,50.13,50,8,8,"","",""
382,"A Pockett, GE Eperon, T Peltola, HJ Snaith, A Walker, LM Peter, ...","Characterization of planar lead halide perovskite solar cells by impedance spectroscopy, open-circuit photovoltage decay, and intensity-modulated photovoltage/photocurrent …",2015,"The Journal of Physical Chemistry C","","","https://scholar.google.com/scholar?oi=bibs&hl=en&cites=10362204393237244790",29,"2023-03-01 18:30:45","Journal article","","","https://scholar.google.com/citations?view_op=view_citation&hl=en&user=mYmW89wAAAAJ&pagesize=100&citation_for_view=mYmW89wAAAAJ:0EnyYjriUFMC",119,7,3456,3465,382,47.75,55,7,8,"","",""
366,"W Rehman, RL Milot, GE Eperon, C Wehrenfennig, JL Boland, HJ Snaith, ...","Charge‐carrier dynamics and mobilities in formamidinium lead mixed‐halide perovskites",2015,"Advanced Materials","","","https://scholar.google.com/scholar?oi=bibs&hl=en&cites=15960335778344348440",30,"2023-03-01 18:30:45","Journal article","","","https://scholar.google.com/citations?view_op=view_citation&hl=en&user=mYmW89wAAAAJ&pagesize=100&citation_for_view=mYmW89wAAAAJ:27LrP4qxOz0C",27,48,7938,7944,366,45.75,52,7,8,"","",""
349,"GE Eperon, MT Hörantner, HJ Snaith","Metal halide perovskite tandem and multiple-junction photovoltaics",2017,"Nature Reviews Chemistry","","","https://scholar.google.com/scholar?oi=bibs&hl=en&cites=12248801023633060343",31,"2023-03-01 18:30:45","Journal article","","","https://scholar.google.com/citations?view_op=view_citation&hl=en&user=mYmW89wAAAAJ&pagesize=100&citation_for_view=mYmW89wAAAAJ:YB4bud6kWLwC",1,12,95,95,349,58.17,116,3,6,"","",""
305,"EM Hutter, GE Eperon, SD Stranks, TJ Savenije","Charge carriers in planar and meso-structured organic–inorganic perovskites: mobilities, lifetimes, and concentrations of trap states",2015,"The journal of physical chemistry letters","","","https://scholar.google.com/scholar?oi=bibs&hl=en&cites=9814516072557408802",32,"2023-03-01 18:30:45","Journal article","","","https://scholar.google.com/citations?view_op=view_citation&hl=en&user=mYmW89wAAAAJ&pagesize=100&citation_for_view=mYmW89wAAAAJ:2v_ZtQDX9iAC",6,15,3082,3090,305,38.13,76,4,8,"","",""
293,"AF Palmstrom, GE Eperon, T Leijtens, R Prasanna, SN Habisreutinger, ...","Enabling flexible all-perovskite tandem solar cells",2019,"Joule","","","https://scholar.google.com/scholar?oi=bibs&hl=en&cites=15813980645401030426",33,"2023-03-01 18:30:45","Journal article","","","https://scholar.google.com/citations?view_op=view_citation&hl=en&user=mYmW89wAAAAJ&pagesize=100&citation_for_view=mYmW89wAAAAJ:LK8CI43ZvvMC",3,9,2193,2204,293,73.25,49,6,4,"","",""
283,"G Grancini, S Marras, M Prato, C Giannini, C Quarti, F De Angelis, ...","The impact of the crystallization processes on the structural and optical properties of hybrid perovskite films for photovoltaics",2014,"The journal of physical chemistry letters","","","https://scholar.google.com/scholar?oi=bibs&hl=en&cites=13010089361018557929",34,"2023-03-01 18:30:45","Journal article","","","https://scholar.google.com/citations?view_op=view_citation&hl=en&user=mYmW89wAAAAJ&pagesize=100&citation_for_view=mYmW89wAAAAJ:roLk4NBRz8UC",5,21,3836,3842,283,31.44,40,7,9,"","",""
256,"T Leijtens, B Lauber, GE Eperon, SD Stranks, HJ Snaith","The Importance of Perovskite Pore Filling in Organometal Mixed Halide Sensitized TiO2-Based Solar Cells",2014,"The journal of physical chemistry letters","","","https://scholar.google.com/scholar?oi=bibs&hl=en&cites=15404408038413045984",35,"2023-03-01 18:30:45","Journal article","","","https://scholar.google.com/citations?view_op=view_citation&hl=en&user=mYmW89wAAAAJ&pagesize=100&citation_for_view=mYmW89wAAAAJ:W7OEmFMy1HYC",5,7,1096,1102,256,28.44,51,5,9,"","",""
248,"MT Hörantner, T Leijtens, ME Ziffer, GE Eperon, MG Christoforo, ...","The potential of multijunction perovskite solar cells",2017,"ACS Energy Letters","","","https://scholar.google.com/scholar?oi=bibs&hl=en&cites=5437474509262278477",36,"2023-03-01 18:30:45","Journal article","","","https://scholar.google.com/citations?view_op=view_citation&hl=en&user=mYmW89wAAAAJ&pagesize=100&citation_for_view=mYmW89wAAAAJ:RtRctb2lSbAC",2,10,2506,2513,248,41.33,41,6,6,"","",""
244,"T Leijtens, ET Hoke, G Grancini, DJ Slotcavage, GE Eperon, JM Ball, ...","Mapping electric field‐induced switchable poling and structural degradation in hybrid lead halide perovskite thin films",2015,"Advanced Energy Materials","","","https://scholar.google.com/scholar?oi=bibs&hl=en&cites=13741669688320386129",37,"2023-03-01 18:30:45","Journal article","","","https://scholar.google.com/citations?view_op=view_citation&hl=en&user=mYmW89wAAAAJ&pagesize=100&citation_for_view=mYmW89wAAAAJ:LGlY6t8CeOMC",5,20,1500962,1500962,244,30.50,35,7,8,"","",""
238,"J Beilsten-Edmands, GE Eperon, RD Johnson, HJ Snaith, PG Radaelli","Non-ferroelectric nature of the conductance hysteresis in CH3NH3PbI3 perovskite-based photovoltaic devices",2015,"Applied Physics Letters","","","https://scholar.google.com/scholar?oi=bibs&hl=en&cites=329644488560612134",38,"2023-03-01 18:30:45","Journal article","","","https://scholar.google.com/citations?view_op=view_citation&hl=en&user=mYmW89wAAAAJ&pagesize=100&citation_for_view=mYmW89wAAAAJ:qe6vwMD2xtsC",106,17,173502,173502,238,29.75,48,5,8,"","",""
214,"A Pockett, GE Eperon, N Sakai, HJ Snaith, LM Peter, PJ Cameron","Microseconds, milliseconds and seconds: deconvoluting the dynamic behaviour of planar perovskite solar cells",2017,"Physical Chemistry Chemical Physics","","","https://scholar.google.com/scholar?oi=bibs&hl=en&cites=7647460973292589020",39,"2023-03-01 18:30:45","Journal article","","","https://scholar.google.com/citations?view_op=view_citation&hl=en&user=mYmW89wAAAAJ&pagesize=100&citation_for_view=mYmW89wAAAAJ:EsEWqaRxkBgC",19,8,5959,5970,214,35.67,36,6,6,"","",""
213,"AJ Pearson, GE Eperon, PE Hopkinson, SN Habisreutinger, JTW Wang, ...","Oxygen Degradation in Mesoporous Al2O3/CH3NH3PbI3‐xClx Perovskite Solar Cells: Kinetics and Mechanisms",2016,"Advanced Energy Materials","","","https://scholar.google.com/scholar?oi=bibs&hl=en&cites=4159747812999196800",40,"2023-03-01 18:30:45","Journal article","","","https://scholar.google.com/citations?view_op=view_citation&hl=en&user=mYmW89wAAAAJ&pagesize=100&citation_for_view=mYmW89wAAAAJ:Wq2b2clWBLsC",6,13,1600014,1600014,213,30.43,36,6,7,"","",""
205,"R Prasanna, T Leijtens, SP Dunfield, JA Raiford, EJ Wolf, SA Swifter, ...","Design of low bandgap tin–lead halide perovskite solar cells to achieve thermal, atmospheric and operational stability",2019,"Nature Energy","","","https://scholar.google.com/scholar?oi=bibs&hl=en&cites=4587958842132759430",41,"2023-03-01 18:30:45","Journal article","","","https://scholar.google.com/citations?view_op=view_citation&hl=en&user=mYmW89wAAAAJ&pagesize=100&citation_for_view=mYmW89wAAAAJ:jtI9f0ekYq0C",4,11,939,947,205,51.25,29,7,4,"","",""
199,"GE Eperon, D Bryant, J Troughton, SD Stranks, MB Johnston, T Watson, ...","Efficient, semitransparent neutral-colored solar cells based on microstructured formamidinium lead trihalide perovskite",2015,"The journal of physical chemistry letters","","","https://scholar.google.com/scholar?oi=bibs&hl=en&cites=13155199191671707945",42,"2023-03-01 18:30:45","Journal article","","","https://scholar.google.com/citations?view_op=view_citation&hl=en&user=mYmW89wAAAAJ&pagesize=100&citation_for_view=mYmW89wAAAAJ:UebtZRa9Y70C",6,1,129,138,199,24.88,28,7,8,"","",""
171,"T Leijtens, R Prasanna, KA Bush, GE Eperon, JA Raiford, A Gold-Parker, ...","Tin–lead halide perovskites with improved thermal and air stability for efficient all-perovskite tandem solar cells",2018,"Sustainable Energy &Fuels","","","https://scholar.google.com/scholar?oi=bibs&hl=en&cites=7459429631982503961,978383377037098919",43,"2023-03-01 18:30:45","Journal article","","","https://scholar.google.com/citations?view_op=view_citation&hl=en&user=mYmW89wAAAAJ&pagesize=100&citation_for_view=mYmW89wAAAAJ:oPLKW5k6eA4C",2,11,2450,2459,171,34.20,24,7,5,"","",""
155,"SN Habisreutinger, T Leijtens, GE Eperon, SD Stranks, RJ Nicholas, ...","Enhanced hole extraction in perovskite solar cells through carbon nanotubes",2014,"The journal of physical chemistry letters","","","https://scholar.google.com/scholar?oi=bibs&hl=en&cites=9271571330170607585",44,"2023-03-01 18:30:45","Journal article","","","https://scholar.google.com/citations?view_op=view_citation&hl=en&user=mYmW89wAAAAJ&pagesize=100&citation_for_view=mYmW89wAAAAJ:Se3iqnhoufwC",5,23,4207,4212,155,17.22,26,6,9,"","",""
150,"GE Eperon, CE Beck, HJ Snaith","Cation exchange for thin film lead iodide perovskite interconversion",2016,"Materials Horizons","","","https://scholar.google.com/scholar?oi=bibs&hl=en&cites=7048458853752937158",45,"2023-03-01 18:30:45","Journal article","","","https://scholar.google.com/citations?view_op=view_citation&hl=en&user=mYmW89wAAAAJ&pagesize=100&citation_for_view=mYmW89wAAAAJ:YlPif8NxrbYC",3,1,63,71,150,21.43,50,3,7,"","",""
135,"A Cannavale, GE Eperon, P Cossari, A Abate, HJ Snaith, G Gigli","Perovskite photovoltachromic cells for building integration",2015,"Energy &Environmental Science","","","https://scholar.google.com/scholar?oi=bibs&hl=en&cites=1117483633634967204",46,"2023-03-01 18:30:45","Journal article","","","https://scholar.google.com/citations?view_op=view_citation&hl=en&user=mYmW89wAAAAJ&pagesize=100&citation_for_view=mYmW89wAAAAJ:Xz60mAmATU4C",8,5,1578,1584,135,16.88,23,6,8,"","",""
129,"AD Wright, RL Milot, GE Eperon, HJ Snaith, MB Johnston, LM Herz","Band‐tail recombination in hybrid lead iodide perovskite",2017,"Advanced Functional Materials","","","https://scholar.google.com/scholar?oi=bibs&hl=en&cites=8563242723121692028",47,"2023-03-01 18:30:45","Journal article","","","https://scholar.google.com/citations?view_op=view_citation&hl=en&user=mYmW89wAAAAJ&pagesize=100&citation_for_view=mYmW89wAAAAJ:Zh0EY9V9P6UC",27,29,1700860,1700860,129,21.50,22,6,6,"","",""
118,"A Cannavale, P Cossari, GE Eperon, S Colella, F Fiorito, G Gigli, ...","Forthcoming perspectives of photoelectrochromic devices: a critical review",2016,"Energy &Environmental Science","","","https://scholar.google.com/scholar?oi=bibs&hl=en&cites=12975849964246232115",48,"2023-03-01 18:30:45","Journal article","","","https://scholar.google.com/citations?view_op=view_citation&hl=en&user=mYmW89wAAAAJ&pagesize=100&citation_for_view=mYmW89wAAAAJ:-6RzNnnwWf8C",9,9,2682,2719,118,16.86,17,7,7,"","",""
109,"ST Birkhold, JT Precht, H Liu, R Giridharagopal, GE Eperon, ...","Interplay of mobile ions and injected carriers creates recombination centers in metal halide perovskites under bias",2018,"ACS Energy Letters","","","https://scholar.google.com/scholar?oi=bibs&hl=en&cites=15221094595150103094",49,"2023-03-01 18:30:45","Journal article","","","https://scholar.google.com/citations?view_op=view_citation&hl=en&user=mYmW89wAAAAJ&pagesize=100&citation_for_view=mYmW89wAAAAJ:BmWJbWwHJAwC",3,6,1279,1286,109,21.80,18,6,5,"","",""
102,"RL Milot, GE Eperon, T Green, HJ Snaith, MB Johnston, LM Herz","Radiative Monomolecular Recombination Boosts Amplified Spontaneous Emission in HC(NH2)2SnI3 Perovskite Films",2016,"The journal of physical chemistry letters","","","https://scholar.google.com/scholar?oi=bibs&hl=en&cites=6209830495467247117",50,"2023-03-01 18:30:45","Journal article","","","https://scholar.google.com/citations?view_op=view_citation&hl=en&user=mYmW89wAAAAJ&pagesize=100&citation_for_view=mYmW89wAAAAJ:c1e4I3QdEKYC",7,20,4178,4184,102,14.57,17,6,7,"","",""
100,"DW Quilettes, SM Vorpahl, SD Stranks, H Nagaoka, GE Eperon, ME Ziffer, ...","Impact of microstructure on local carrier lifetime in perovskite solar cells",2015,"Science","","","https://scholar.google.com/scholar?oi=bibs&hl=en&cites=12295661796698840945",51,"2023-03-01 18:30:45","Journal article","","","https://scholar.google.com/citations?view_op=view_citation&hl=en&user=mYmW89wAAAAJ&pagesize=100&citation_for_view=mYmW89wAAAAJ:1r-w4gtu6w8C",348,6235,683,686,100,12.50,14,7,8,"","",""
97,"GE Eperon, DS Ginger","B-site metal cation exchange in halide perovskites",2017,"ACS Energy Letters","","","https://scholar.google.com/scholar?oi=bibs&hl=en&cites=8558244310921975680",52,"2023-03-01 18:30:45","Journal article","","","https://scholar.google.com/citations?view_op=view_citation&hl=en&user=mYmW89wAAAAJ&pagesize=100&citation_for_view=mYmW89wAAAAJ:KWzIFqRkAKkC",2,5,1190,1196,97,16.17,49,2,6,"","",""
87,"GE Eperon, D Moerman, DS Ginger","Anticorrelation between local photoluminescence and photocurrent suggests variability in contact to active layer in perovskite solar cells",2016,"ACS nano","","","https://scholar.google.com/scholar?oi=bibs&hl=en&cites=4273393634895014816",53,"2023-03-01 18:30:45","Journal article","","","https://scholar.google.com/citations?view_op=view_citation&hl=en&user=mYmW89wAAAAJ&pagesize=100&citation_for_view=mYmW89wAAAAJ:-yGd096yOn8C",10,11,10258,10266,87,12.43,29,3,7,"","",""
81,"SEJ O'Kane, G Richardson, A Pockett, RG Niemann, JM Cave, N Sakai, ...","Measurement and modelling of dark current decay transients in perovskite solar cells",2017,"Journal of Materials Chemistry C","","","https://scholar.google.com/scholar?oi=bibs&hl=en&cites=1600424432832014266",54,"2023-03-01 18:30:45","Journal article","","","https://scholar.google.com/citations?view_op=view_citation&hl=en&user=mYmW89wAAAAJ&pagesize=100&citation_for_view=mYmW89wAAAAJ:H_jBuBxbQIAC",5,2,452,462,81,13.50,12,7,6,"","",""
80,"MT Hörantner, PK Nayak, S Mukhopadhyay, K Wojciechowski, C Beck, ...","Shunt‐blocking layers for semitransparent perovskite solar cells",2016,"Advanced materials interfaces","","","https://scholar.google.com/scholar?oi=bibs&hl=en&cites=5717042925604948288",55,"2023-03-01 18:30:45","Journal article","","","https://scholar.google.com/citations?view_op=view_citation&hl=en&user=mYmW89wAAAAJ&pagesize=100&citation_for_view=mYmW89wAAAAJ:C33y2ycGS3YC",3,10,1500837,1500837,80,11.43,13,6,7,"","",""
76,"A Cannavale, M Hörantner, GE Eperon, HJ Snaith, F Fiorito, U Ayr, ...","Building integration of semitransparent perovskite-based solar cells: Energy performance and visual comfort assessment",2017,"Applied energy","","","https://scholar.google.com/scholar?oi=bibs&hl=en&cites=6556427607405340940",56,"2023-03-01 18:30:45","Journal article","","","https://scholar.google.com/citations?view_op=view_citation&hl=en&user=mYmW89wAAAAJ&pagesize=100&citation_for_view=mYmW89wAAAAJ:NMlhSUseqAsC",194,,94,107,76,12.67,11,7,6,"","",""
72,"DW Miller, GE Eperon, ET Roe, CW Warren, HJ Snaith, MC Lonergan","Defect states in perovskite solar cells associated with hysteresis and performance",2016,"Applied Physics Letters","","","https://scholar.google.com/scholar?oi=bibs&hl=en&cites=1150418347192663128",57,"2023-03-01 18:30:45","Journal article","","","https://scholar.google.com/citations?view_op=view_citation&hl=en&user=mYmW89wAAAAJ&pagesize=100&citation_for_view=mYmW89wAAAAJ:unp9ATQDT5gC",109,15,153902,153902,72,10.29,12,6,7,"","",""
61,"SM Vorpahl, R Giridharagopal, GE Eperon, IM Hermes, SAL Weber, ...","Orientation of ferroelectric domains and disappearance upon heating methylammonium lead triiodide perovskite from tetragonal to cubic phase",2018,"ACS Applied Energy Materials","","","https://scholar.google.com/scholar?oi=bibs&hl=en&cites=4763224315205744146",58,"2023-03-01 18:30:45","Journal article","","","https://scholar.google.com/citations?view_op=view_citation&hl=en&user=mYmW89wAAAAJ&pagesize=100&citation_for_view=mYmW89wAAAAJ:BJrgspguQaEC",1,4,1534,1539,61,12.20,10,6,5,"","",""
56,"GE Eperon, KH Stone, LE Mundt, TH Schloemer, SN Habisreutinger, ...","The role of dimethylammonium in bandgap modulation for stable halide perovskites",2020,"ACS Energy Letters","","","https://scholar.google.com/scholar?oi=bibs&hl=en&cites=7259142358607096059",59,"2023-03-01 18:30:45","Journal article","","","https://scholar.google.com/citations?view_op=view_citation&hl=en&user=mYmW89wAAAAJ&pagesize=100&citation_for_view=mYmW89wAAAAJ:Ic1VZgkJnDsC",5,6,1856,1864,56,18.67,9,6,3,"","",""
56,"GE Eperon, E Jedlicka, DS Ginger","Biexciton Auger recombination differs in hybrid and inorganic halide perovskite quantum dots",2018,"The Journal of Physical Chemistry Letters","","","https://scholar.google.com/scholar?oi=bibs&hl=en&cites=17324212661112306882",60,"2023-03-01 18:30:45","Journal article","","","https://scholar.google.com/citations?view_op=view_citation&hl=en&user=mYmW89wAAAAJ&pagesize=100&citation_for_view=mYmW89wAAAAJ:SxCCDk4iOpsC",9,1,104,109,56,11.20,19,3,5,"","",""
56,"T Leijtens, AR Srimath Kandada, GE Eperon, G Grancini, V D’Innocenzo, ...","Modulating the electron–hole interaction in a hybrid lead halide perovskite with an electric field",2015,"Journal of the American Chemical Society","","","https://scholar.google.com/scholar?oi=bibs&hl=en&cites=3396821440198517243",61,"2023-03-01 18:30:45","Journal article","","","https://scholar.google.com/citations?view_op=view_citation&hl=en&user=mYmW89wAAAAJ&pagesize=100&citation_for_view=mYmW89wAAAAJ:wE-fMHVdjMkC",137,49,15451,15459,56,7.00,9,6,8,"","",""
56,"GE Eperon, GM Paterno",", RJ Sutton, A. Zampetti, AA Haghighirad, F. Cacialli and HJ Snaith",2015,"J. Mater. Chem. A","","","https://scholar.google.com/scholar?oi=bibs&hl=en&cites=10153581767504599046",62,"2023-03-01 18:30:45","Journal article","","","https://scholar.google.com/citations?view_op=view_citation&hl=en&user=mYmW89wAAAAJ&pagesize=100&citation_for_view=mYmW89wAAAAJ:sfnaS5RM6jYC",3,,19688,19695,56,7.00,28,2,8,"","",""
51,"ST Birkhold, JT Precht, R Giridharagopal, GE Eperon, L Schmidt-Mende, ...","Direct observation and quantitative analysis of mobile Frenkel defects in metal halide perovskites using scanning Kelvin probe microscopy",2018,"The Journal of Physical Chemistry C","","","https://scholar.google.com/scholar?oi=bibs&hl=en&cites=3472479403587517285",63,"2023-03-01 18:30:45","Journal article","","","https://scholar.google.com/citations?view_op=view_citation&hl=en&user=mYmW89wAAAAJ&pagesize=100&citation_for_view=mYmW89wAAAAJ:t-hv7AR41mYC",122,24,12633,12639,51,10.20,9,6,5,"","",""
50,"A Cannavale, L Ierardi, M Hörantner, GE Eperon, HJ Snaith, U Ayr, ...","Improving energy and visual performance in offices using building integrated perovskite-based solar cells: A case study in Southern Italy",2017,"Applied energy","","","https://scholar.google.com/scholar?oi=bibs&hl=en&cites=13296811626563699095",64,"2023-03-01 18:30:45","Journal article","","","https://scholar.google.com/citations?view_op=view_citation&hl=en&user=mYmW89wAAAAJ&pagesize=100&citation_for_view=mYmW89wAAAAJ:G1UMdFYMoxkC",205,,834,846,50,8.33,7,7,6,"","",""
49,"D Cherny, C Gooding, GE Eperon, MB Coelho, CR Bagshaw, CWJ Smith, ...","Stoichiometry of a regulatory splicing complex revealed by single‐molecule analyses",2010,"The EMBO journal","","","https://scholar.google.com/scholar?oi=bibs&hl=en&cites=10849680014608822834",65,"2023-03-01 18:30:45","Journal article","","","https://scholar.google.com/citations?view_op=view_citation&hl=en&user=mYmW89wAAAAJ&pagesize=100&citation_for_view=mYmW89wAAAAJ:u5HHmVD_uO8C",29,13,2161,2172,49,3.77,7,7,13,"","",""
48,"Z Yang, X Zhang, W Yang, GE Eperon, DS Ginger","Tin–lead alloying for efficient and stable all-inorganic perovskite solar cells",2020,"Chemistry of Materials","","","https://scholar.google.com/scholar?oi=bibs&hl=en&cites=13623969970329981289",66,"2023-03-01 18:30:45","Journal article","","","https://scholar.google.com/citations?view_op=view_citation&hl=en&user=mYmW89wAAAAJ&pagesize=100&citation_for_view=mYmW89wAAAAJ:lYAcb2jw7qUC",32,7,2782,2794,48,16.00,10,5,3,"","",""
45,"K Galkowski, AA Mitioglu, A Surrente, Z Yang, DK Maude, P Kossacki, ...","Spatially resolved studies of the phases and morphology of methylammonium and formamidinium lead tri-halide perovskites",2017,"Nanoscale","","","https://scholar.google.com/scholar?oi=bibs&hl=en&cites=13770125570469889027",67,"2023-03-01 18:30:45","Journal article","","","https://scholar.google.com/citations?view_op=view_citation&hl=en&user=mYmW89wAAAAJ&pagesize=100&citation_for_view=mYmW89wAAAAJ:SAZ1SQo2q1kC",9,9,3222,3230,45,7.50,6,7,6,"","",""
43,"D Moerman, GE Eperon, JT Precht, DS Ginger","Correlating photoluminescence heterogeneity with local electronic properties in methylammonium lead tribromide perovskite thin films",2017,"Chemistry of Materials","","","https://scholar.google.com/scholar?oi=bibs&hl=en&cites=13643237902290122653",68,"2023-03-01 18:30:45","Journal article","","","https://scholar.google.com/citations?view_op=view_citation&hl=en&user=mYmW89wAAAAJ&pagesize=100&citation_for_view=mYmW89wAAAAJ:RuPIJ_LgqDgC",29,13,5484,5492,43,7.17,11,4,6,"","",""
40,"VM Burlakov, GE Eperon, HJ Snaith, SJ Chapman, A Goriely","Controlling coverage of solution cast materials with unfavourable surface interactions",2014,"Applied Physics Letters","","","https://scholar.google.com/scholar?oi=bibs&hl=en&cites=7915422328365584149",69,"2023-03-01 18:30:45","Journal article","","","https://scholar.google.com/citations?view_op=view_citation&hl=en&user=mYmW89wAAAAJ&pagesize=100&citation_for_view=mYmW89wAAAAJ:Y0pCki6q_DkC",104,9,91602,91602,40,4.44,8,5,9,"","",""
36,"X Zhang, GE Eperon, J Liu, EMJ Johansson","Semitransparent quantum dot solar cell",2016,"Nano Energy","","","https://scholar.google.com/scholar?oi=bibs&hl=en&cites=3961406657156180849",70,"2023-03-01 18:30:45","Journal article","","","https://scholar.google.com/citations?view_op=view_citation&hl=en&user=mYmW89wAAAAJ&pagesize=100&citation_for_view=mYmW89wAAAAJ:AYInfyleIOsC",22,,70,78,36,5.14,9,4,7,"","",""
29,"AR Bowman, F Lang, YH Chiang, A Jiménez-Solano, K Frohna, ...","Relaxed current matching requirements in highly luminescent perovskite tandem solar cells and their fundamental efficiency limits",2021,"ACS Energy Letters","","","https://scholar.google.com/scholar?oi=bibs&hl=en&cites=9875152444317035453",71,"2023-03-01 18:30:45","Journal article","","","https://scholar.google.com/citations?view_op=view_citation&hl=en&user=mYmW89wAAAAJ&pagesize=100&citation_for_view=mYmW89wAAAAJ:OzeSX8-yOCQC",6,2,612,620,29,14.50,5,6,2,"","",""
29,"CR Brown, GE Eperon, VR Whiteside, IR Sellers","Potential of high-stability perovskite solar cells for low-intensity–low-temperature (LILT) outer planetary space missions",2018,"ACS Applied Energy Materials","","","https://scholar.google.com/scholar?oi=bibs&hl=en&cites=713015683483764574",72,"2023-03-01 18:30:45","Journal article","","","https://scholar.google.com/citations?view_op=view_citation&hl=en&user=mYmW89wAAAAJ&pagesize=100&citation_for_view=mYmW89wAAAAJ:hQUaER0FWQ4C",2,1,814,821,29,5.80,7,4,5,"","",""
25,"T Moot, J Werner, GE Eperon, K Zhu, JJ Berry, MD McGehee, JM Luther","Choose your own adventure: fabrication of monolithic all‐perovskite tandem photovoltaics",2020,"Advanced Materials","","","https://scholar.google.com/scholar?oi=bibs&hl=en&cites=12372732380708464759",73,"2023-03-01 18:30:45","Journal article","","","https://scholar.google.com/citations?view_op=view_citation&hl=en&user=mYmW89wAAAAJ&pagesize=100&citation_for_view=mYmW89wAAAAJ:QVtou7C4vgoC",32,50,2003312,2003312,25,8.33,4,7,3,"","",""
25,"GE Eperon, DS Ginger","Perovskite solar cells: Different facets of performance",2016,"Nature Energy","","","https://scholar.google.com/scholar?oi=bibs&hl=en&cites=3392310474676951230",74,"2023-03-01 18:30:45","Journal article","","","https://scholar.google.com/citations?view_op=view_citation&hl=en&user=mYmW89wAAAAJ&pagesize=100&citation_for_view=mYmW89wAAAAJ:T_ojBgVMvoEC",1,8,1,2,25,3.57,13,2,7,"","",""
24,"S Jariwala, S Burke, S Dunfield, RC Shallcross, M Taddei, J Wang, ...","Reducing surface recombination velocity of methylammonium-free mixed-cation mixed-halide perovskites via surface passivation",2021,"Chemistry of Materials","","","https://scholar.google.com/scholar?oi=bibs&hl=en&cites=9622855528490017261,16510649313449902211",75,"2023-03-01 18:30:45","Journal article","","","https://scholar.google.com/citations?view_op=view_citation&hl=en&user=mYmW89wAAAAJ&pagesize=100&citation_for_view=mYmW89wAAAAJ:yY3RG6sOEgwC",33,13,5035,5044,24,12.00,3,7,2,"","",""
19,"H Snaith, V Burlakov, J Ball, G Eperon, A Goriely","Photoactive layer production process",2019,"US Patent 10,374,181","","","https://scholar.google.com/scholar?oi=bibs&hl=en&cites=1952352145528746727",76,"2023-03-01 18:30:45","Patent","","","https://scholar.google.com/citations?view_op=view_citation&hl=en&user=mYmW89wAAAAJ&pagesize=100&citation_for_view=mYmW89wAAAAJ:D_tqNUsBuKoC",,,,,19,4.75,4,5,4,"","",""
18,"H Esmaielpour, VR Whiteside, S Sourabh, GE Eperon, JT Precht, ...","Role of Exciton Binding Energy on LO Phonon Broadening and Polaron Formation in (BA)2PbI4 Ruddlesden–Popper Films",2020,"The Journal of Physical Chemistry C","","","https://scholar.google.com/scholar?oi=bibs&hl=en&cites=17732636965042461390",77,"2023-03-01 18:30:45","Journal article","","","https://scholar.google.com/citations?view_op=view_citation&hl=en&user=mYmW89wAAAAJ&pagesize=100&citation_for_view=mYmW89wAAAAJ:37UQlXuwjP4C",124,17,9496,9505,18,6.00,3,6,3,"","",""
17,"BK Durant, H Afshari, S Singh, B Rout, GE Eperon, IR Sellers","Tolerance of perovskite solar cells to targeted proton irradiation and electronic ionization induced healing",2021,"ACS Energy Letters","","","https://scholar.google.com/scholar?oi=bibs&hl=en&cites=636933745770579814",78,"2023-03-01 18:30:45","Journal article","","","https://scholar.google.com/citations?view_op=view_citation&hl=en&user=mYmW89wAAAAJ&pagesize=100&citation_for_view=mYmW89wAAAAJ:sJPMR1oEGYQC",6,7,2362,2368,17,8.50,3,6,2,"","",""
16,"F Lang, GE Eperon, K Frohna, EM Tennyson, A Al‐Ashouri, G Kourkafas, ...","Proton‐Radiation Tolerant All‐Perovskite Multijunction Solar Cells",2021,"Advanced Energy Materials","","","https://scholar.google.com/scholar?oi=bibs&hl=en&cites=14745429293854243057,14171353257545288971",79,"2023-03-01 18:30:45","Journal article","","","https://scholar.google.com/citations?view_op=view_citation&hl=en&user=mYmW89wAAAAJ&pagesize=100&citation_for_view=mYmW89wAAAAJ:2vr6o8x5NLkC",11,41,2102246,2102246,16,8.00,2,7,2,"","",""
16,"K Ngan, GE Eperon","Middle atmosphere predictability in a numerical weather prediction model: revisiting the inverse error cascade",2011,"Quarterly Journal of the Royal Meteorological Society","","","https://scholar.google.com/scholar?oi=bibs&hl=en&cites=13457470662210077070",80,"2023-03-01 18:30:45","Journal article","","","https://scholar.google.com/citations?view_op=view_citation&hl=en&user=mYmW89wAAAAJ&pagesize=100&citation_for_view=mYmW89wAAAAJ:u-x6o8ySG0sC",,,,,16,1.33,8,2,12,"","",""
11,"DCJ Neo, SD Stranks, GE Eperon, HJ Snaith, HE Assender, AAR Watt","Quantum funneling in blended multi-band gap core/shell colloidal quantum dot solar cells",2015,"Applied Physics Letters","","","https://scholar.google.com/scholar?oi=bibs&hl=en&cites=13400396388336770058",81,"2023-03-01 18:30:45","Journal article","","","https://scholar.google.com/citations?view_op=view_citation&hl=en&user=mYmW89wAAAAJ&pagesize=100&citation_for_view=mYmW89wAAAAJ:hSRAE-fF4OAC",107,10,103902,103902,11,1.38,2,6,8,"","",""
10,"HJ Snaith, GE Eperon, JM Ball","Two-step deposition process",2020,"US Patent 10,580,585","","","https://scholar.google.com/scholar?oi=bibs&hl=en&cites=12153087043294294404",82,"2023-03-01 18:30:45","Patent","","","https://scholar.google.com/citations?view_op=view_citation&hl=en&user=mYmW89wAAAAJ&pagesize=100&citation_for_view=mYmW89wAAAAJ:8dzOF9BpDQoC",,,,,10,3.33,3,3,3,"","",""
8,"G Eperon","Active layer control for high efficiency perovskite solar cells",2015,"","University of Oxford","","https://scholar.google.com/scholar?oi=bibs&hl=en&cites=8033663244299919815",83,"2023-03-01 18:30:45","Book","","","https://scholar.google.com/citations?view_op=view_citation&hl=en&user=mYmW89wAAAAJ&pagesize=100&citation_for_view=mYmW89wAAAAJ:4aZ_i-5WJEQC",,,,,8,1.00,8,1,8,"","",""
7,"BK Durant, H Afshari, S Sourabh, V Yeddu, MT Bamidele, S Singh, B Rout, ...","Radiation stability of mixed tin–lead halide perovskites: Implications for space applications",2021,"Solar Energy Materials and Solar Cells","","","https://scholar.google.com/scholar?oi=bibs&hl=en&cites=15958685150400839382",84,"2023-03-01 18:30:45","Journal article","","","https://scholar.google.com/citations?view_op=view_citation&hl=en&user=mYmW89wAAAAJ&pagesize=100&citation_for_view=mYmW89wAAAAJ:wSy_KLzO7YEC",230,,111232,111232,7,3.50,1,8,2,"","",""
4,"S Jariwala, RE Kumar, GE Eperon, Y Shi, DP Fenning, DS Ginger","Dimethylammonium addition to halide perovskite precursor increases vertical and lateral heterogeneity",2021,"ACS Energy Letters","","","https://scholar.google.com/scholar?oi=bibs&hl=en&cites=12218358024931653823,13659862152341663326",85,"2023-03-01 18:30:45","Journal article","","","https://scholar.google.com/citations?view_op=view_citation&hl=en&user=mYmW89wAAAAJ&pagesize=100&citation_for_view=mYmW89wAAAAJ:m92CDrhVnKEC",7,1,204,210,4,2.00,1,6,2,"","",""
1,"RA Kerner, ED Christensen, SP Harvey, J Messinger, SN Habisreutinger, ...","Analytical Evaluation of Lead Iodide Precursor Impurities Affecting Halide Perovskite Device Performance",2022,"ACS Applied Energy Materials","","","https://scholar.google.com/scholar?oi=bibs&hl=en&cites=5649179477342997753",86,"2023-03-01 18:30:45","","","","https://scholar.google.com/citations?view_op=view_citation&hl=en&user=mYmW89wAAAAJ&pagesize=100&citation_for_view=mYmW89wAAAAJ:qmtmRrLr0tkC",,,,,1,1.00,0,6,1,"","",""
0,"T Leijtens, DT Moore, GE Eperon","Dimethylammonium-containing perovskite devices",2022,"US Patent 11,312,738","","","https://scholar.google.com",87,"2023-03-01 18:30:45","Patent","","","https://scholar.google.com/citations?view_op=view_citation&hl=en&user=mYmW89wAAAAJ&pagesize=100&citation_for_view=mYmW89wAAAAJ:pQTOvowfQioC",,,,,0,0.00,0,3,1,"","",""
0,"HJ Snaith, M Johnston, GE Eperon, D McMeekin, E Parrot, R Milot, L Herz, ...","Hybrid Metal Halide Perovskites: Optoelectronic Properties and Stability",2016,"Proceedings of Perovskite Thin Film Photovoltaics (ABXPV17)","","","https://scholar.google.com",88,"2023-03-01 18:30:45","Conference paper","","","https://scholar.google.com/citations?view_op=view_citation&hl=en&user=mYmW89wAAAAJ&pagesize=100&citation_for_view=mYmW89wAAAAJ:4Yq6kJLCcecC",,,,,0,0.00,0,8,7,"","",""
0,"L Herz, M Johnston, H Snaith, G Eperon, D McMeekin, A Wright, E Parrot, ...","Hybrid Metal Halide Perovskites: Charge-Carrier Recombination, Diffusion and Radiative Efficiencies",2016,"Proceedings of International Conference on Hybrid and Organic Photovoltaics …","","","https://scholar.google.com",89,"2023-03-01 18:30:45","Conference paper","","","https://scholar.google.com/citations?view_op=view_citation&hl=en&user=mYmW89wAAAAJ&pagesize=100&citation_for_view=mYmW89wAAAAJ:4e5Qn2KL_jwC",,,,,0,0.00,0,8,7,"","",""
0,"AJ Pearson, GE Eperon, PE Hopkinson, SN Habisreutinger, JTW Wang, ...","Perovskite Solar Cells: Kinetics and Mechanisms",2016,"","","","https://scholar.google.com",90,"2023-03-01 18:30:45","","","","https://scholar.google.com/citations?view_op=view_citation&hl=en&user=mYmW89wAAAAJ&pagesize=100&citation_for_view=mYmW89wAAAAJ:jlhcAiayVhoC",,,,,0,0.00,0,6,7,"","",""
0,"F Lang, G Eperon, J Thiesbrummel, E Köhnen, F Pena-Camargo, ...","Potential, Radiation Tolerance and Damage Mechanisms of Perovskite Multijunction-Based Space PV",,"","","","https://scholar.google.com",91,"2023-03-01 18:30:45","","","","https://scholar.google.com/citations?view_op=view_citation&hl=en&user=mYmW89wAAAAJ&pagesize=100&citation_for_view=mYmW89wAAAAJ:nPTYJWkExTIC",,,,,0,0.00,0,6,,"","",""
