id,Query,Source,Papers,Citations,Years,Cites_Year,Cites_Paper,Cites_Author,Papers_Author,Authors_Paper,h_index,g_index,hc_index,hI_index,hI_norm,AWCR,AW_index,AWCRpA,e_index,hm_index,QueryDate,Cites_Author_Year,hI_annual,h_coverage,g_coverage,star_count,year_first,year_last,ECC,acc1,acc2,acc5,acc20,hA
0,Francesco Cordero - CNR-ISM Istituto di Struttura della Materia,Google Scholar Profile,273,2754,40,68.85,10.09,804.91,74.77,4.49,27,44,15,6.13,13,197.04,14.04,57.75,29.29,14.81,3/2/2023 3:13,20.12,0.33,57.6,71.5,2,1983,2023,2754,54,28,8,0,5
1,"Joel Jean - MIT, Swift Solar Inc.",Google Scholar Profile,41,2757,12,229.75,67.24,473.51,11.65,5.24,19,41,20,2.93,12,397.1,19.93,72.17,48.28,5.24,3/2/2023 3:10,39.45,1,97.6,100,14,2011,2020,2757,23,22,20,6,13
2,Daniel Tordera - Universidad de Valencia,Google Scholar Profile,68,2786,14,199,40.97,458.77,11.81,6.1,30,52,24,4.86,13,353.7,18.81,59.24,39.82,7.75,3/2/2023 3:09,32.76,0.93,89.2,99.9,9,2009,2023,2786,49,43,29,1,10
3,Shailesh Sharma - Senior Principal Scientist,Google Scholar Profile,190,2835,62,45.73,14.92,727.38,51.64,4.4,28,46,16,6.13,13,324.78,18.02,78,32,13.33,3/2/2023 3:08,11.73,0.21,63.8,77.1,8,1961,2023,2835,92,53,13,0,8
4,"Lea Nienhaus - Assistant Professor, Florida State University",Google Scholar Profile,80,2909,13,223.77,36.36,518.13,19.7,5.15,24,53,27,4.06,13,647.66,25.45,127.13,43.79,9.77,3/2/2023 3:06,39.85,1,85.7,98.9,21,2010,2023,2909,62,56,33,9,13
5,Robert John Patterson - UNSW Sydney,Google Scholar Profile,118,2950,18,163.89,25,398.35,21.61,6.79,27,53,24,3.39,10,588.84,24.27,74.04,40.9,7.6,3/2/2023 3:05,22.13,0.56,81.4,96.1,17,2005,2022,2950,59,43,29,7,12
6,"Elke Debroye - Professor Chemistry, University of Leuven",Google Scholar Profile,66,3041,13,233.92,46.08,479.6,12.28,6.29,25,55,22,3.74,11,811.58,28.49,116.87,46.8,5.96,3/2/2023 3:03,36.89,0.85,92.6,100,17,2010,2023,3041,47,40,25,8,15
7,"Hanul Min - Assistant Professor, Korea University",Google Scholar Profile,11,3044,5,608.8,276.73,416.56,2.61,6.36,7,11,9,0.96,6,1173.97,34.26,155.83,54.61,1.61,3/2/2023 3:02,83.31,1.2,99.6,100,6,2018,2022,3044,10,9,8,5,6
8,"Chan Myae Myae Soe - Graduate Student, Northwestern University",Google Scholar Profile,27,3049,12,254.08,112.93,420.03,5.85,6.3,15,27,15,2.1,10,540.67,23.25,74.71,53.11,2.31,3/2/2023 3:01,35,0.83,99.9,100,10,2011,2022,3049,15,15,15,9,10
9,"Francisco Palazon - Ramón y Cajal fellow, Technical University of Cartagena (UPCT)",Google Scholar Profile,89,3057,10,305.7,34.35,535.02,18.31,6,27,55,26,4.45,12,603.04,24.56,112.08,43.6,8.89,3/2/2023 2:59,53.5,1.2,86,99.6,19,2013,2023,3057,53,49,37,9,13
10,"Linqin Jiang - Fujian Jiangxia University, Professor",Google Scholar Profile,89,3080,23,133.91,34.61,1092.51,22.81,4.97,22,55,17,5.44,13,273.65,16.54,76.45,48.15,10.62,3/2/2023 2:58,47.5,0.57,91,99.6,7,2000,2023,3080,40,29,15,3,9
11,Sung-Joon Lee - University of California Los Angeles (UCLA); U.S. Naval Research Laboratory (NRL);,Google Scholar Profile,20,3085,6,514.17,154.25,334.61,2.36,8.85,16,20,17,1.74,9,742.68,27.25,81.51,52.94,2.12,3/2/2023 2:57,55.76,1.5,99.2,100,16,2017,2023,3085,19,19,17,9,13
12,"J A Aramburu - Professor in Physics, University of Cantabria",Google Scholar Profile,189,3139,41,76.56,16.61,864.69,50.59,4.14,31,46,12,8.21,14,198.58,14.09,52.48,28.51,16.98,3/2/2023 2:56,21.09,0.34,56.5,69.2,1,1982,2023,3139,71,35,5,0,5
13,"Partha Maity - Research Scientist, KAUST; HBNI, PhD",Google Scholar Profile,104,3166,10,316.6,30.44,526.85,20.39,5.95,30,55,27,5.08,12,866.4,29.43,132.86,41.21,9.96,3/2/2023 2:54,52.68,1.2,82.1,96.5,22,2013,2022,3166,74,59,39,10,13
14,Lukas Kegelmann - QYB Quantum Yield Berlin GmbH,Google Scholar Profile,23,3177,7,453.86,138.13,473.22,4.2,6.78,15,23,15,2.14,8,777.51,27.88,119.05,54.06,2.77,3/2/2023 2:52,67.6,1.14,99.1,100,10,2016,2021,3177,19,17,15,8,10
15,"Sergey V. Ovsyannikov - Bayerisches Geoinstitut, Universität Bayreuth (University of Bayreuth))",Google Scholar Profile,209,3270,25,130.8,15.65,862.61,55.26,4.63,31,49,16,6.77,14,321.45,17.93,75.45,32.48,16.95,3/2/2023 2:51,34.5,0.56,61.7,75.2,4,1998,2023,3270,89,52,15,1,8
16,Lara Kühl Teles - Full Professor at Instituto Tecnológico de Aeronáutica - ITA,Google Scholar Profile,177,3336,28,119.14,18.85,732.8,41.57,4.85,28,56,20,5.26,13,307.89,17.55,68.84,43.38,11.89,3/2/2023 2:48,26.17,0.46,79.9,94.7,7,1995,2022,3336,65,42,21,1,8
17,Petar Todorović - University of Toronto,Google Scholar Profile,36,3474,5,694.8,96.5,475.11,5.66,7.42,23,36,24,3.04,11,928.43,30.47,124.77,53.07,4.17,3/2/2023 2:46,95.02,2.2,96.3,100,21,2018,2021,3474,31,30,27,13,15
18,"Jiakai Liu 刘家凯 - Ph.D., KAUST",Google Scholar Profile,27,3726,9,414,138,459.95,3.97,7.48,18,27,19,2.23,11,887.12,29.78,108.87,57.93,3.16,3/2/2023 2:45,51.1,1.22,98.8,100,15,2014,2022,3726,24,21,18,12,14
19,Pablo Garcia Fernandez - Researcher at Universidad de Cantabria,Google Scholar Profile,277,3827,32,119.59,13.82,827.93,70.72,4.47,33,55,21,7.21,15,638.02,25.26,121,38.59,15.95,3/2/2023 2:44,25.87,0.47,67.4,81.2,9,1991,2023,3827,101,67,25,6,10
20,"Alejandro Varez - Professor of Materials Science, Universidad Carlos III de Madrid",Google Scholar Profile,227,4149,33,125.73,18.28,895.15,50.15,4.89,35,57,18,7.42,14,330.91,18.19,70.47,37.68,16.6,3/2/2023 2:41,27.12,0.42,63.8,79.3,5,1990,2023,4149,99,61,15,0,8
21,"Marco Anni - Dipartimento di Matematica e Fisica ""Ennio De Giorgi"", Università del Salento",Google Scholar Profile,165,4177,24,174.04,25.32,810.8,43.61,5.39,30,61,19,4.86,15,330.71,18.19,77.4,46.87,14.44,3/2/2023 2:38,33.78,0.63,74.1,91.1,8,1999,2023,4177,79,42,18,1,9
22,"Dmitry Dirin - ETH Zurich, Chemistry Department",Google Scholar Profile,116,4200,19,221.05,36.21,682.34,19.49,6.16,31,64,30,4.9,14,778.14,27.9,123.52,52.66,9.14,3/2/2023 2:36,35.91,0.74,88.9,99.7,24,2004,2023,4200,63,52,38,13,16
23,Myriam H. Aguirre - INA - Institute of Nanoscience of Aragón- University of Zaragoza,Google Scholar Profile,172,4274,27,158.3,24.85,835.02,35.57,5.55,37,61,21,6.22,13,410.63,20.26,76.25,41.89,13.94,3/2/2023 2:34,30.92,0.48,73.1,87.2,6,1996,2023,4274,93,66,25,1,8
24,"Brett A Kamino - Senior R&D Engineer, CSEM",Google Scholar Profile,46,4336,12,361.33,94.26,753.26,12.46,4.87,18,46,15,3.15,11,695.32,26.37,117.6,62.03,7.37,3/2/2023 2:32,62.77,0.92,96.2,100,9,2011,2022,4336,31,21,13,5,9
25,"Brian A. Rosen - Vice Dean for International Affairs and Associate Professor, Tel Aviv University",Google Scholar Profile,81,4353,19,229.11,53.74,809.08,26.56,4.23,20,65,18,4.04,13,500.1,22.36,99.37,60.98,8.86,3/2/2023 2:31,42.58,0.68,94.6,100,12,2004,2023,4353,43,30,18,5,11
26,Zhigao Dai（戴志高） - China University of Geosciences,Google Scholar Profile,73,4462,13,343.23,61.12,536.04,8.86,8.56,34,66,29,4.06,13,895.61,29.93,107.62,51.52,7.48,3/2/2023 2:30,41.23,1,85.4,99.9,22,2010,2023,4462,61,56,34,13,17
27,Qingdong Ou - Monash University,Google Scholar Profile,101,4466,10,446.6,44.22,558.46,14.22,7.8,32,66,29,3.91,11,864.68,29.41,104.9,53.26,8.05,3/2/2023 2:29,55.84,1.1,86.5,99,19,2013,2023,4466,72,64,40,10,14
28,Namchul Cho - Soonchunhyang University,Google Scholar Profile,71,4474,17,263.18,63.01,653.51,12.92,6.87,22,66,23,3.1,14,612.51,24.75,88.01,61.14,5.84,3/2/2023 2:27,38.44,0.82,94.4,100,15,2006,2022,4474,36,32,27,9,12
29,Vidmantas Gulbinas - Center for Physical Sciences and Technology,Google Scholar Profile,251,4542,32,141.94,18.1,892.2,68.8,4.86,36,59,24,6.03,13,498.4,22.32,88.47,38.96,16.25,3/2/2023 2:26,27.88,0.41,62,76.8,9,1991,2023,4542,104,61,30,2,9
30,Eline M. Hutter - Utrecht University,Google Scholar Profile,59,4724,10,472.4,80.07,796.68,15.04,5.31,26,59,27,4.31,14,887.24,29.79,154.33,62.2,7.18,3/2/2023 2:23,79.66,1.4,96.2,100,22,2013,2022,4724,43,41,31,11,15
31,Ramazan Tuğrul Senger - İzmir Institute of Technology,Google Scholar Profile,121,4838,29,166.83,39.98,1115.51,37.81,4.25,31,69,22,6.28,15,420.8,20.51,90.66,56.51,14.6,3/2/2023 2:22,38.46,0.52,85.9,98.9,8,1994,2022,4838,53,39,25,1,10
32,"Bryon W. Larson - Principal Scientist, NREL",Google Scholar Profile,103,4850,16,303.13,47.09,655.39,19.61,6.38,30,69,32,4,14,1429.15,37.8,179.98,59.58,6.96,3/2/2023 2:20,40.96,0.88,91.8,100,29,2007,2023,4850,58,48,37,20,20
33,Zi Jing Wong - Texas A&M University,Google Scholar Profile,53,4855,15,323.67,91.6,819.79,12.35,5.7,16,53,15,2.64,10,625.78,25.02,110.05,67.54,3.99,3/2/2023 2:18,54.65,0.67,99.2,100,10,2008,2022,4855,19,17,14,7,10
34,"Rahim Munir, Ph.D. - Postdoctoral Fellow, University of Calgary",Google Scholar Profile,60,4939,11,449,82.32,623.86,16.39,6.42,30,60,32,3.8,14,1059,32.54,136.11,61.85,5.55,3/2/2023 2:17,56.71,1.27,95.7,100,25,2012,2022,4939,40,39,35,16,17
35,Dongwen Yang - Jilin university,Google Scholar Profile,46,4992,7,713.14,108.52,601.21,5.67,8.65,26,46,29,3.02,15,1103.51,33.22,129.5,64.65,4.07,3/2/2023 2:16,85.88,2.14,97.3,100,27,2016,2023,4992,38,34,33,18,19
36,René M. Williams - Assistant Professor,Google Scholar Profile,103,5142,31,165.87,49.92,1132.12,26.57,5.01,38,70,21,6.69,16,350.76,18.73,76.37,52.9,15.85,3/2/2023 2:15,36.52,0.52,82.5,97.1,7,1992,2022,5142,74,55,21,2,9
37,Annalisa Bruno - Energy Research Institute @NTU and ENEA,Google Scholar Profile,207,5453,21,259.67,26.34,872.04,41.43,5.9,38,69,36,5.62,12,1029.24,32.08,158.75,50.45,13.48,3/2/2023 2:13,41.52,0.57,73.2,89.4,34,2002,2022,5453,110,91,56,8,16
38,Randy Sabatini - University of Toronto,Google Scholar Profile,51,5559,14,397.07,109,824.92,7.89,6.92,23,51,22,3.29,13,1043.5,32.3,152.2,69.34,5.48,3/2/2023 2:09,58.92,0.93,96,100,17,2009,2022,5559,43,40,24,11,13
39,"Ahmad R. Kirmani - Incoming Assistant Professor, Rochester Institute of Technology",Google Scholar Profile,71,5579,10,557.9,78.58,789.81,21.84,5.9,30,71,28,4.02,13,1085.64,32.95,162.26,66.56,6.93,3/2/2023 2:08,78.98,1.3,95.5,100,21,2013,2023,5579,50,48,35,10,15
40,"Eric Popczun - National Energy Technology Laboratory, The Pennsylvania State University",Google Scholar Profile,35,5892,11,535.64,168.34,989.51,7.78,5.29,16,35,14,2.88,9,655.97,25.61,111.35,74.83,4.12,3/2/2023 2:07,89.95,0.82,99.4,100,8,2012,2022,5892,20,17,12,6,9
41,"Sergey Makarov - Professor, Head of Laboratory",Google Scholar Profile,414,6104,35,174.4,14.74,1033.45,83.01,5.6,44,66,39,7.2,16,1224.7,35,206.85,41.44,18.01,3/2/2023 2:06,29.52,0.46,59.8,72.4,38,1988,2023,6104,175,146,78,11,15
42,"Jan Christoph Goldschmidt - Professor of Physics of Solar Energy Conversion, Philipps-University Marburg",Google Scholar Profile,235,6108,23,265.57,25.99,1243.59,51.91,5.51,44,75,28,7.42,16,864.32,29.4,171.42,53.5,15.97,3/2/2023 2:01,54.06,0.7,78.6,93,19,2000,2023,6108,95,82,47,6,13
43,"Jennifer Wong-Leung - Associate Professor, Australian National University",Google Scholar Profile,221,6279,29,216.52,28.41,1135.38,43.07,5.7,41,75,25,7,16,574.13,23.96,93.39,56.1,15.5,3/2/2023 1:58,39.15,0.55,76.9,91.5,14,1994,2022,6279,89,62,36,4,11
44,"Wei Peng - Department of Physics, University of Warwick",Google Scholar Profile,38,6515,10,651.5,171.45,916.05,6.97,6.89,24,38,23,3.29,15,971.44,31.17,136,76.63,3.92,3/2/2023 1:55,91.6,1.5,99,100,17,2013,2022,6515,29,28,24,13,16
45,"Dane W. deQuilettes - Massachusetts Institute of Technology, Lincoln Laboratory",Google Scholar Profile,40,6539,10,653.9,163.48,1034.74,7.96,6.05,19,40,19,2.93,13,965.71,31.08,152.58,78.15,3.9,3/2/2023 1:54,103.47,1.3,98.9,100,15,2013,2022,6539,25,23,19,10,13
46,"Juan P. Martinez Pastor - Professor of Applied Physics, Universidad de Valencia - UMDO (www.uv.es/umdo)",Google Scholar Profile,405,6745,38,177.5,16.65,1305.17,84.87,5.22,45,69,27,8.2,18,734.86,27.11,142.91,43.81,19.41,3/2/2023 1:53,34.34,0.47,58.5,71.3,14,1985,2023,6745,154,116,42,4,11
47,Wei Wang (王纬) - Nanjing Tech University,Google Scholar Profile,136,6772,14,483.71,49.79,1397.63,23.16,6.51,43,79,44,7.67,16,1533.45,39.16,288.95,58.63,15.07,3/2/2023 1:48,99.83,1.14,78.1,93,46,2009,2023,6772,119,106,71,22,21
48,Bruno Ehrler - AMOLF,Google Scholar Profile,89,6812,15,454.13,76.54,1335.91,21.62,5.27,35,82,37,6.25,18,1197.43,34.6,238.39,70.51,11.5,3/2/2023 1:46,89.06,1.2,91,100,36,2008,2023,6812,79,69,53,14,18
49,"Michele Saba - Dipartimento di Fisica, Università di Cagliari",Google Scholar Profile,189,7012,31,226.19,37.1,1043.29,35.48,6.55,37,83,28,5.27,18,663.17,25.75,100.15,68.47,10.39,3/2/2023 1:45,33.65,0.58,86.4,98.8,21,1992,2023,7012,81,67,37,8,13
50,"Dr. Georgian Nedelcu - University of Groningen, Zernike Institute for Advanced Materials",Google Scholar Profile,29,7270,12,605.83,250.69,1120.9,5.25,6.52,15,29,16,2.25,11,1038.32,32.22,159.9,83.65,3.07,3/2/2023 1:43,93.4,0.92,99.3,100,13,2011,2022,7270,19,18,15,9,12
51,"Klaus Weber - Professor of Engineering, Australian National University",Google Scholar Profile,303,7589,29,261.69,25.05,1453.43,76.61,5.04,43,81,33,6.31,20,1275.55,35.71,193.57,61.13,17.88,3/2/2023 1:42,50.11,0.69,73.6,87.5,32,1994,2023,7589,114,83,47,18,20
52,"David T. Moore - Staff Scientist, National Renewable Energy Lab",Google Scholar Profile,32,7648,11,695.27,239,1350.81,6.23,5.66,23,32,23,3.65,14,1171.93,34.23,208.14,83.83,4.83,3/2/2023 1:38,122.8,1.27,98.8,100,19,2012,2022,7648,29,28,24,12,15
53,Ibrahim Dursun - Cornell University,Google Scholar Profile,49,7711,8,963.88,157.37,1132.11,8.56,6.67,25,49,26,3.4,17,1153.69,33.97,168.34,83.71,4.32,3/2/2023 1:37,141.51,2.13,99,100,24,2015,2022,7711,32,31,27,15,17
54,"Nicholas De Marco - PhD Student, UCLA",Google Scholar Profile,29,7724,10,772.4,266.34,1014.97,5.29,7.1,23,29,21,3.11,15,1228.67,35.05,159.73,84.6,4.01,3/2/2023 1:36,101.49,1.5,99.5,100,19,2013,2020,7724,25,24,21,14,15
55,"Bin Chen - Research Assistant Professor, Northwestern University",Google Scholar Profile,101,7844,8,980.5,77.66,928.78,12.6,8.47,46,88,45,5.29,17,2565.86,50.65,298.95,68.37,9.84,3/2/2023 1:35,116.09,2.13,86.6,99.8,51,2015,2023,7844,93,87,69,36,26
56,Ahmed L. Abdelhady - Khalifa University,Google Scholar Profile,60,8188,12,682.33,136.47,1380.02,12.24,5.73,31,60,27,5.03,16,1152.62,33.95,193.4,83.79,7.49,3/2/2023 1:33,115,1.33,97.5,100,19,2011,2022,8188,48,43,32,13,15
57,Yi Hou - National University of Singapore,Google Scholar Profile,78,8236,9,915.11,105.59,1048.04,10.43,7.9,47,78,45,5.81,17,2288.83,47.84,279.02,72.81,9.23,3/2/2023 1:32,116.44,1.89,91.2,100,53,2014,2022,8236,74,74,65,34,26
58,Valerio Adinolfi - Western Digital,Google Scholar Profile,36,8343,11,758.45,231.75,1167.86,7.43,6.39,19,36,18,2.71,13,1102.49,33.2,158.12,88.84,4.13,3/2/2023 1:31,106.16,1.18,98.9,100,14,2012,2021,8343,27,23,18,13,13
59,Ajay Ram Srimath Kandada - Wake Forest University,Google Scholar Profile,82,8441,12,703.42,102.94,1427.11,19.34,5.07,32,82,28,5.57,17,1190.37,34.5,207.68,84.17,9.14,3/2/2023 1:30,118.92,1.42,96.1,100,21,2011,2022,8441,56,50,33,17,17
60,Emilio J. Juarez-Perez (ORCID:0000-0001-6040-1920) - ARAID. Instituto de Nanociencia y Materiales de Aragón (INMA) CSIC - Universidad de Zaragoza,Google Scholar Profile,89,8568,17,504,96.27,1682.89,22.99,5.17,38,89,31,6.42,18,1237.26,35.17,245.65,80.96,11.21,3/2/2023 1:29,98.99,1.06,93.4,100,28,2006,2022,8568,65,58,39,18,18
61,Feng Hao - University of Electronic Science and Technology of China,Google Scholar Profile,134,9057,13,696.69,67.59,1577.45,22.31,7.05,38,95,39,4.8,12,1589.85,39.87,252.63,81.2,11.52,3/2/2023 1:28,121.34,0.92,88.7,99.7,39,2010,2023,9057,100,90,69,17,18
62,Zhengtao Deng - Professor at Nanjing University,Google Scholar Profile,98,9302,21,442.95,94.92,1684.43,19.58,5.94,45,96,37,7.28,22,1112.54,33.35,185.66,81.49,12.63,3/2/2023 1:26,80.21,1.05,93.2,100,34,2002,2023,9302,73,65,48,16,18
63,Jonathan E. Halpert - Hong Kong University of Science &Technology (HKUST,Google Scholar Profile,76,9406,18,522.56,123.76,2028.41,15.8,5.79,33,76,30,5.98,20,987.43,31.42,212.98,88.69,10.33,3/2/2023 1:24,112.68,1.11,95.2,100,28,2005,2023,9406,65,58,40,12,17
64,"Alexander S. Urban - Nanospectroscopy Group, Ludwig-Maximilians-Universität München",Google Scholar Profile,71,9616,17,565.65,135.44,1604.82,12.94,6.11,36,71,33,5.81,22,1395.88,37.36,233.46,89.09,9.6,3/2/2023 1:23,94.4,1.29,96,100,29,2006,2023,9616,58,54,42,19,20
65,Jeffrey L. Blackburn - National Renewable Energy Laboratory,Google Scholar Profile,158,9762,22,443.73,61.78,1727.13,29.55,6.13,54,97,39,8.68,21,1288.54,35.9,230.59,71.49,16.94,3/2/2023 1:22,78.5,0.95,82.2,96.4,38,2001,2023,9762,134,105,71,14,18
66,"Jun Yin - Assistant Professor, The Hong Kong Polytechnic University",Google Scholar Profile,158,10260,13,789.23,64.94,1461.3,23.42,7.35,54,99,54,7.5,20,2528.01,50.28,349.89,74.64,14.78,3/2/2023 1:20,112.4,1.54,82.7,96.9,76,2010,2023,10260,136,127,99,40,26
67,"Ferdinand Grozema - Full Professor, Delft University of Technology",Google Scholar Profile,243,11450,25,458,47.12,2368.25,53.35,5.23,59,102,37,11.09,27,1165.19,34.13,232.42,71.83,22.98,3/2/2023 1:18,94.73,1.08,75.5,91.1,34,1998,2022,11450,155,133,77,11,16
68,"PROF. Amitava Patra - Director, INST and Senior Professor at IACS",Google Scholar Profile,272,12227,31,394.42,44.95,3879.72,91.02,3.76,60,100,34,16.98,31,1211.46,34.81,371.22,67.21,33.97,3/2/2023 1:15,125.15,1,66.4,82.3,26,1992,2023,12227,205,166,82,8,14
69,Thierry PAUPORTÉ - Directeur de Recherche CNRS,Google Scholar Profile,294,12276,28,438.43,41.76,3300.57,81.15,4.59,65,104,40,13.99,28,1175.2,34.28,280.96,70.87,30,3/2/2023 1:12,117.87,1,75.3,89,40,1995,2022,12276,171,144,81,9,14
70,"Max C. Lemme - Professor, RWTH Aachen University, Germany, Director, AMO GmbH",Google Scholar Profile,369,12976,21,617.9,35.17,2338.77,82.47,5.95,58,109,44,9.32,23,1742.78,41.75,297.38,83.05,18.92,3/2/2023 1:09,111.37,1.1,79.1,92.1,52,2002,2023,12976,167,130,80,23,22
71,Konrad Domanski - Sensirion AG,Google Scholar Profile,33,14110,9,1567.78,427.58,2293.83,5.44,6.27,23,33,23,3.62,16,2235.01,47.28,359.51,116.38,4.69,3/2/2023 1:05,254.87,1.78,99.7,100,18,2014,2021,14110,27,24,23,13,15
72,"gautam gupta - University of Louisville, Los Alamos National Lab",Google Scholar Profile,250,14110,48,293.96,56.44,2145.73,58.22,5.74,43,118,31,6.33,19,1843.23,42.93,272.82,105.97,12.78,3/2/2023 1:04,44.7,0.4,92.7,99.9,25,1975,2023,14110,85,75,46,14,15
73,"Tom J. Savenije - Department of Chemical Engineering, AS, TU Delft",Google Scholar Profile,180,14290,28,510.36,79.39,2739.28,39,5.33,60,118,39,10.62,24,1754.12,41.88,312.35,91.8,21.76,3/2/2023 1:01,97.83,0.86,84.2,98.4,39,1995,2022,14290,129,109,70,21,21
74,Haizheng Zhong 钟海政 - Beijing Institute of Technology,Google Scholar Profile,301,14898,18,827.67,49.5,2278.52,61.51,6.39,58,119,50,7.99,24,2472.23,49.72,366.45,93.24,18.98,3/2/2023 0:59,126.58,1.33,80.9,95.2,62,2005,2023,14898,187,163,99,28,24
75,"Hasan Sahin - Izmir Institute of Technology, Turkey",Google Scholar Profile,170,14969,17,880.53,88.05,3444.02,44.64,4.73,51,122,39,10.66,25,1610.83,40.14,369.8,104.99,18.36,3/2/2023 0:55,202.58,1.47,91,99.6,38,2006,2022,14969,131,101,66,16,18
76,"Dr. Loredana Protesescu - University of Groningen, Zernike Institute for Advanced Materials",Google Scholar Profile,75,16226,12,1352.17,216.35,2796.81,14.18,5.87,35,75,30,5.83,18,2187.73,46.77,386.23,121.24,8.43,3/2/2023 0:53,233.06,1.5,98.1,100,26,2011,2023,16226,54,49,36,14,16
77,Makhsud Saidaminov - University of Victoria,Google Scholar Profile,156,16613,11,1510.27,106.49,2462.21,30.7,6.65,57,128,56,7.64,25,3499.51,59.16,497.41,110.42,12.84,3/2/2023 0:52,223.83,2.27,92.9,100,67,2012,2023,16613,111,103,90,49,32
78,Sergii Yakunin - ETH Zurich,Google Scholar Profile,107,16786,20,839.3,156.88,2577.07,19.51,5.93,40,107,35,6.27,20,2493.4,49.93,385.73,121.01,10.62,3/2/2023 0:50,128.85,1,96.8,100,33,2003,2023,16786,66,59,51,25,22
79,David G Lidzey - University of Sheffield,Google Scholar Profile,407,17797,28,635.61,43.73,3428.19,87.4,5.79,66,121,45,11.4,27,1763.02,41.99,320.55,86.48,29.37,3/1/2023 19:48,122.43,0.96,66.5,82.4,55,1995,2023,17797,251,192,102,12,17
80,"Daniel Duprez - IC2MP, Université de Poitiers, CNRS, France",Google Scholar Profile,503,18350,52,352.88,36.48,5375.41,153.68,4.26,72,124,32,16.72,35,1202.98,34.68,325.27,85.83,35.06,3/1/2023 19:43,103.37,0.67,68.4,84.3,24,1971,2021,18350,203,148,68,5,14
81,Eray Aydil - New York University Tandon School of Engineering Chemical and Biomolecular Engineering Department,Google Scholar Profile,347,19734,32,616.69,56.87,6127.17,98.98,4.34,65,137,32,15.71,35,1395.96,37.36,403.07,108.16,31.89,3/1/2023 19:37,191.47,1.09,80.7,95.2,23,1991,2023,19734,173,131,63,15,16
82,Maryna Bodnarchuk - Empa-Swiss Federal Laboratories for Materials Science and Technology,Google Scholar Profile,146,20358,19,1071.47,139.44,3561.86,26.77,5.88,48,142,39,8.26,25,3047.34,55.2,527,131.34,13.62,3/1/2023 19:32,187.46,1.32,96,100,38,2004,2023,20358,90,85,66,28,24
83,"Joseph J Berry - National renewable energy laboratory, Renewable Sustainable Energy Institute &Department of Physics",Google Scholar Profile,319,21664,39,555.49,67.91,3166.26,54.83,6.48,74,145,63,10.47,30,4242.01,65.13,595.18,113.55,20.77,3/1/2023 19:30,81.18,0.77,84.8,98.1,93,1984,2022,21664,177,153,122,55,33
84,"Germà Garcia-Belmonte - Professor of Applied Physics, Institute of Advanced Materials (INAM-UJI) 0000-0002-0172-6175 (ORCID)",Google Scholar Profile,310,22563,33,683.73,72.78,5030.73,79.73,4.69,73,147,49,14.44,40,2184.99,46.74,474.21,113.86,30.58,3/1/2023 19:26,152.44,1.21,81.1,96.4,69,1990,2022,22563,177,151,101,28,22
85,"Guichuan Xing - Institute of Applied Physics and Materials Engineering, University of Macau",Google Scholar Profile,327,24050,16,1503.13,73.55,2964.08,47.07,8.12,62,152,62,7.16,20,4422.81,66.5,533.24,129.1,18.26,3/1/2023 19:22,185.25,1.25,85.3,97,90,2007,2023,24050,249,218,147,51,30
86,"Aram Amassian - Professor of Materials Science and Engineering, North Carolina State University",Google Scholar Profile,311,25250,22,1147.73,81.19,3704.09,58.36,6.46,81,156,64,11.45,29,3689.54,60.74,525.17,118.49,24.89,3/1/2023 19:18,168.36,1.32,81.6,96.9,96,2001,2022,25250,198,189,152,49,31
87,"Norbert Koch - Institut für Physik &IRIS Adlershof, Humboldt-Universität zu Berlin and Helmholtz-Zentrum Berlin",Google Scholar Profile,560,26197,26,1007.58,46.78,5580.69,106.68,6.25,83,147,53,13.12,34,2898.36,53.84,547.31,105.41,34.02,3/1/2023 19:14,214.64,1.31,68.7,83.4,76,1997,2023,26197,337,285,166,30,24
88,"Tom Wu - Professor of Materials Science, UNSW",Google Scholar Profile,374,28636,29,987.45,76.57,4029.85,56.12,7.6,89,157,65,11.13,30,4356.47,66,576.09,111.37,30.42,3/1/2023 19:08,138.96,1.03,71,86.1,132,1994,2023,28636,321,282,195,51,29
89,Joseph M. Luther - National Renewable Energy Laboratory,Google Scholar Profile,229,29129,19,1533.11,127.2,4896.06,46.31,6.05,72,170,65,11.03,36,4359.5,66.03,688.1,147.15,19.25,3/1/2023 19:04,257.68,1.89,92.1,100,91,2004,2023,29129,148,139,119,56,34
90,"Jin Young Kim - Department of Energy Engineering, Ulsan National Institute of Science and Technology (UNIST)",Google Scholar Profile,268,29589,23,1286.48,110.41,4023.34,39.89,7.31,65,170,49,8.4,26,3988.87,63.16,507.23,145.78,20.4,3/1/2023 19:01,174.92,1.13,86.1,98,60,2000,2022,29589,217,185,104,26,23
91,"Ivan Mora-Sero - Professor of Applied Physics, Institute of Advanced Materials (INAM), University Jaume I",Google Scholar Profile,333,30349,24,1264.54,91.14,5961.52,71.38,5.35,78,172,59,13.52,40,3572.11,59.77,691.3,139.9,29.95,3/1/2023 18:58,248.39,1.67,84.5,97.9,90,1999,2023,30349,225,204,144,45,30
92,Dragan Damjanovic - Ecole polytechnique fédérale de Lausanne / EPFL - Swiss Federal Institute of Technology in Lausanne,Google Scholar Profile,288,31672,37,856,109.97,11889.52,89,4.3,81,176,48,19.7,45,2332.53,48.3,718.24,143.61,38.91,3/1/2023 18:54,321.33,1.22,85.8,98.3,58,1986,2022,31672,186,156,98,29,23
93,Feng GAO - Linköping University,Google Scholar Profile,290,33227,17,1954.53,114.58,4605.26,45.18,7.7,84,180,88,10.44,33,8021.29,89.56,1049.91,146.99,22.92,3/1/2023 18:51,270.89,1.94,86.3,98.2,131,2006,2023,33227,234,212,177,91,43
94,Oleksandr Voznyy - Assistant Professor at University of Toronto,Google Scholar Profile,251,34426,20,1721.3,137.16,5077.48,48.89,6.56,89,185,77,12.51,39,5747.09,75.81,797.2,151.44,23.93,3/1/2023 18:48,253.87,1.95,89.6,99.9,116,2003,2023,34426,189,177,145,77,43
95,"Dieter Neher - University of Potsdam, Institute of Physics and Astronomy",Google Scholar Profile,559,36923,87,424.4,66.05,7764.41,115.04,5.73,101,178,71,16.51,42,4451.33,66.72,793.8,126.69,41.73,3/1/2023 18:45,89.24,0.48,71.1,86.3,122,1936,2023,36923,329,274,183,65,31
96,"Osman Bakr - Professor, Materials Science &Eng., King Abdullah University of Science and Technology (KAUST)",Google Scholar Profile,408,38886,17,2287.41,95.31,6101.94,77.84,6.41,97,194,86,14.11,40,7157.78,84.6,1088.22,152.87,29.53,3/1/2023 18:38,358.93,2.35,84.3,97.6,158,2006,2023,38886,285,262,212,92,44
97,Antonio Abate - Helmholtz-Zentrum Berlin,Google Scholar Profile,259,44873,14,3205.21,173.25,7206.96,50.23,6.27,78,211,77,12.12,39,7048.41,83.95,1138.64,189.69,22.1,3/1/2023 18:33,514.78,2.79,93.7,100,101,2009,2023,44873,180,167,131,75,39
98,Giles Eperon - Swift Solar,Google Scholar Profile,91,51118,13,3932.15,561.74,8706.91,18.52,5.68,58,91,54,9.84,39,6217.83,78.85,1066.06,216.58,15.65,3/1/2023 18:30,669.76,3,98.3,100,64,2010,2022,51118,86,82,75,46,36
99,Edward Sargent - University of Toronto,Google Scholar Profile,1000,119190,27,4414.44,119.19,22989.19,225.13,5.99,175,324,143,27.27,70,19862.65,140.93,3267.25,238.69,66.18,3/1/2023 18:29,851.45,2.59,73.5,88.1,383,1996,2023,119190,751,665,517,247,69
